Title,Company,Location,Summary,URL,Source
Accountant,Apex Group,Pune,"With our clients at the heart of everything we do, our hard-working team has successful...",https://www.naukri.com/job-listings-accountant-apex-fund-services-llp-pune-2-to-5-years-200625922947,Naukri
Accountant (U.S.),Esolvit,Remote,"Preferred candidate profile . Education : Bachelors in Accounting, Finance, or related ...",https://www.naukri.com/job-listings-accountant-u-s-esolvit-hyderabad-2-to-5-years-280525037255,Naukri
Accountant,Synectics Apac,Chennai(Siruseri Sipcot IT Park),"Job Description :Job Role : Accountant/Financial AnalystLocation : SIPCOT IT Park, Siru...",https://www.naukri.com/job-listings-accountant-synectics-apac-chennai-5-to-10-years-190325023979,Naukri
Executive Accounts,Nishi Forex & Leisure,Bengaluru,"Qualifications:Education: A bachelors degree in finance, accounting, economics, or a re...",https://www.naukri.com/job-listings-executive-accounts-nishi-forex-leisure-bengaluru-0-to-1-years-170724501215,Naukri
Head of Accounting,Bhavani Group,Mumbai,"Qualifications: . Bachelors degree in Accounting, Finance, or a related field CPA or eq...",https://www.naukri.com/job-listings-head-of-accounting-bhavani-group-mumbai-5-to-11-years-040325500190,Naukri
"Senior Accountant, CA / ACCA",DECATHLON Sports,Bengaluru(Chikkajala ),Preferred candidate profile Professional-level English (minimum required) . CA Inter ...,https://www.naukri.com/job-listings-senior-accountant-ca-acca-decathlon-sports-bengaluru-3-to-6-years-180625014004,Naukri
ACCA/Chartered Accountant,Global Connect Business Solutions,"Madurai, Tiruchirapalli, Coimbatore","Maintain accurate records of vouchers, receipts, invoices, bills and payments. Perform...",https://www.naukri.com/job-listings-acca-chartered-accountant-global-connect-business-solutions-madurai-tiruchirapalli-coimbatore-3-to-8-years-270525030976,Naukri
"Management Accountant (CA, Acca)",Devi Maa Shakti Constructions & Consultancy Pvt. Ltd.,Lucknow,1) Prepayments 2) Accruals 3) Processing Month End Transaction Entries 4) Nominal Ledge...,https://www.naukri.com/job-listings-management-accountant-ca-acca-devi-maa-shakti-constructions-consultancy-pvt-ltd-lucknow-2-to-7-years-170317501491,Naukri
python developer,na,N/A,,https://www.naukri.com/job-listings-python-developer-peoples-growth-hr-solutions-pvt-ltd-bengaluru-4-to-9-years-180425503148,Naukri
cognizant hiring python developer for hyderabad location,na,N/A,,https://www.naukri.com/job-listings-cognizant-hiring-python-developer-for-hyderabad-location-cognizant-hyderabad-10-to-18-years-130625024030,Naukri
python developer  infosyst,na,N/A,,https://www.naukri.com/job-listings-python-developer-infosys-t-infosys-kolkata-pune-ahmedabad-4-to-9-years-120625026203,Naukri
python developer  leading fintech  bangalore,na,N/A,,https://www.naukri.com/job-listings-python-developer-leading-fintech-bangalore-perfios-software-solutions-bengaluru-2-to-4-years-200625030650,Naukri
assistant manager  python developer,na,N/A,,https://www.naukri.com/job-listings-assistant-manager-python-developer-atria-convergence-technologies-act-hyderabad-bengaluru-delhi-ncr-4-to-6-years-160625016253,Naukri
python developer immediate joiners only,na,N/A,,https://www.naukri.com/job-listings-python-developer-immediate-joiners-only-teamlease-services-limited-bengaluru-7-to-12-years-090625001689,Naukri
python developerpan india_ra,na,N/A,,https://www.naukri.com/job-listings-python-developer-pan-india-ra-infosys-hyderabad-chennai-bengaluru-3-to-6-years-030625031226,Naukri
python developer  infosys pan india,na,N/A,,https://www.naukri.com/job-listings-python-developer-infosys-pan-india-infosys-hyderabad-chennai-bengaluru-2-to-7-years-090525025016,Naukri
contract opening_ python developer bangalore,na,N/A,,https://www.naukri.com/job-listings-contract-opening-python-developer-bangalore-thakral-one-bengaluru-3-to-6-years-200625023416,Naukri
python developerinfosys,na,N/A,,https://www.naukri.com/job-listings-python-developer-infosys-infosys-hyderabad-pune-bengaluru-3-to-8-years-090625020450,Naukri
python developer eng  infosys pan india,na,N/A,,https://www.naukri.com/job-listings-python-developer-eng-infosys-pan-india-infosys-hyderabad-chennai-bengaluru-3-to-8-years-090625015061,Naukri
python developer srs  hyderabad,na,N/A,,https://www.naukri.com/job-listings-python-developer-srs-hyderabad-srs-business-solutions-india-hyderabad-chennai-bengaluru-4-to-7-years-110625011357,Naukri
python developer bfsi investment banking,na,N/A,,https://www.naukri.com/job-listings-python-developer-bfsi-investment-banking-net-connect-bengaluru-mumbai-all-areas-4-to-9-years-190225023776,Naukri
python developer standard,na,N/A,,https://www.naukri.com/job-listings-python-developer-standard-infogain-india-p-ltd-pune-4-to-6-years-210525503926,Naukri
python software developer,na,N/A,,https://www.naukri.com/job-listings-python-software-developer-roboman-ltd-noida-2-to-3-years-310525015909,Naukri
python developer  bengaluru hyderabad pune,na,N/A,,https://www.naukri.com/job-listings-python-developer-bengaluru-hyderabad-pune-infosys-chandigarh-hyderabad-bengaluru-3-to-8-years-140325007865,Naukri
python developer abbengaluru chennai pune,na,N/A,,https://www.naukri.com/job-listings-python-developer-ab-bengaluru-chennai-pune-infosys-hyderabad-chennai-bengaluru-3-to-5-years-160425019768,Naukri
python developer abpan india,na,N/A,,https://www.naukri.com/job-listings-python-developer-ab-pan-india-infosys-hyderabad-chennai-bengaluru-3-to-5-years-290525038538,Naukri
python developer  infosys  pan india,na,N/A,,https://www.naukri.com/job-listings-python-developer-infosys-pan-india-infosys-hyderabad-chennai-bengaluru-2-to-7-years-070525023418,Naukri
associate software developer  python,na,N/A,,https://www.naukri.com/job-listings-associate-software-developer-python-pthinks-private-limited-bengaluru-3-to-5-years-210625500881,Naukri
python developer  immediate joiners  aziro,na,N/A,,https://www.naukri.com/job-listings-python-developer-immediate-joiners-aziro-aziro-technologies-india-pune-chennai-bengaluru-5-to-10-years-190625010538,Naukri
python software developer bangalorepan india infosys,na,N/A,,https://www.naukri.com/job-listings-python-software-developer-bangalore-pan-india-infosys-infosys-hyderabad-chennai-bengaluru-2-to-7-years-120625028302,Naukri
python software developerab pan india,na,N/A,,https://www.naukri.com/job-listings-python-software-developer-ab-pan-india-infosys-pune-chennai-bengaluru-2-to-5-years-100625010322,Naukri
python developer 48 lakhs ctc  kandi srinivasa,na,N/A,,https://www.naukri.com/job-listings-python-developer-48-lakhs-ctc-kandi-srinivasa-vcloud-technologies-investment-noida-kolkata-chennai-7-to-10-years-040425006346,Naukri
python software developerab bengaluru chennai pune,na,N/A,,https://www.naukri.com/job-listings-python-software-developer-ab-bengaluru-chennai-pune-infosys-pune-chennai-bengaluru-4-to-9-years-110625025065,Naukri
net python developer,na,N/A,,https://www.naukri.com/job-listings-net-python-developer-hexaware-technologies-bengaluru-6-to-11-years-090625009456,Naukri
python developer flkms,na,N/A,,https://www.naukri.com/job-listings-python-developer-flkms-enterpriseminds-india-private-limited-bengaluru-3-to-8-years-170625920998,Naukri
python developer  geospatial,na,N/A,,https://www.naukri.com/job-listings-python-developer-geospatial-suhora-technologies-noida-1-to-3-years-010525006075,Naukri
python developer  us b1 ready  immediate,na,N/A,,https://www.naukri.com/job-listings-python-developer-us-b1-ready-immediate-intersoft-data-labs-gurugram-10-to-16-years-190325022031,Naukri
software developer c python lux,na,N/A,,https://www.naukri.com/job-listings-software-developer-c-python-lux-ibm-india-pvt-limited-pune-2-to-7-years-160625910374,Naukri
software developer  cpython,na,N/A,,https://www.naukri.com/job-listings-software-developer-c-python-ibm-india-pvt-limited-pune-4-to-8-years-170625912247,Naukri
software developer  c and python,na,N/A,,https://www.naukri.com/job-listings-software-developer-c-and-python-cradlepoint-bengaluru-2-to-5-years-160625500896,Naukri
advanced python developer,na,N/A,,https://www.naukri.com/job-listings-advanced-python-developer-codefeast-meerut-4-to-9-years-160625016539,Naukri
hiring for python developer salary upto 8lpa,na,N/A,,https://www.naukri.com/job-listings-hiring-for-python-developer-salary-upto-8lpa-kvc-consultants-ltd-chennai-2-to-7-years-090625006946,Naukri
python software developerabpan indiaf2f 17th may,na,N/A,,https://www.naukri.com/job-listings-python-software-developer-ab-pan-india-f2f-17th-may-infosys-chandigarh-pune-bengaluru-3-to-6-years-150525019623,Naukri
python software developerinfosys,na,N/A,,https://www.naukri.com/job-listings-python-software-developer-infosys-infosys-hyderabad-pune-bengaluru-3-to-7-years-100625026739,Naukri
adas video python developer,na,N/A,,https://www.naukri.com/job-listings-adas-video-python-developer-bmw-techworks-india-bengaluru-1-to-3-years-070625012214,Naukri
python software developer  medical it imaging systems,na,N/A,,https://www.naukri.com/job-listings-python-software-developer-medical-it-imaging-systems-divine-meditech-noida-ghaziabad-delhi-ncr-1-to-3-years-140425002743,Naukri
python developer  flask,na,N/A,,https://www.naukri.com/job-listings-python-developer-flask-ezeiatech-systems-private-limited-gurugram-3-to-5-years-130625916517,Naukri
python  golang software developer,na,N/A,,https://www.naukri.com/job-listings-python-golang-software-developer-hireginie-talent-cloud-bangalore-rural-bengaluru-4-to-8-years-190625021501,Naukri
python developer role,na,N/A,,https://www.naukri.com/job-listings-python-developer-role-vector3-digital-technologies-gurugram-8-to-13-years-230924501059,Naukri
python developers,na,N/A,,https://www.naukri.com/job-listings-python-developers-tirupati-insurance-hisar-1-to-3-years-180724501070,Naukri
job opportunity for python developer,na,N/A,,https://www.naukri.com/job-listings-opportunity-for-python-developer-sightspectrum-noida-gurugram-greater-noida-9-to-12-years-130625014299,Naukri
python software developerabpan india,na,N/A,,https://www.naukri.com/job-listings-python-software-developer-ab-pan-india-infosys-kolkata-chennai-bengaluru-3-to-6-years-300525033884,Naukri
python software developerab bengaluru pune hyderabad,na,N/A,,https://www.naukri.com/job-listings-python-software-developer-ab-bengaluru-pune-hyderabad-infosys-hyderabad-pune-bengaluru-3-to-7-years-020525013620,Naukri
python software developer  abpan india,na,N/A,,https://www.naukri.com/job-listings-python-software-developer-ab-pan-india-infosys-hyderabad-pune-bengaluru-3-to-8-years-171124003238,Naukri
python developer opening for remote,na,N/A,,https://www.naukri.com/job-listings-python-developer-opening-for-remote-nobl-q-chennai-5-to-10-years-140625007765,Naukri
developer  python,na,N/A,,https://www.naukri.com/job-listings-developer-python-wipro-limited-bengaluru-3-to-8-years-090625923657,Naukri
software developer python  javascript,na,N/A,,https://www.naukri.com/job-listings-software-developer-python-javascript-ibm-india-pvt-limited-bengaluru-2-to-7-years-120625932980,Naukri
fresher python developer,na,N/A,,https://www.naukri.com/job-listings-fresher-python-developer-weavers-web-solutions-pvt-ltd-kolkata-0-to-2-years-140225501507,Naukri
python developer  kolkata,na,N/A,,https://www.naukri.com/job-listings-python-developer-kolkata-madhu-jayanti-international-kolkata-2-to-5-years-090625008102,Naukri
software developer python,na,N/A,,https://www.naukri.com/job-listings-software-developer-python-archeron-group-bengaluru-2-to-3-years-110620500851,Naukri
python developervirtual drive on 21st june saturday,na,N/A,,https://www.naukri.com/job-listings-python-developer-virtual-drive-on-21st-june-saturday-gig-consultants-pune-chennai-bengaluru-mumbai-all-areas-5-to-10-years-170625012721,Naukri
python backed developer,na,N/A,,https://www.naukri.com/job-listings-python-backed-developer-harita-techserv-chennai-4-to-8-years-170625012629,Naukri
python  php software developer,na,N/A,,https://www.naukri.com/job-listings-python-php-software-developer-bridge-waves-kolkata-5-to-10-years-200625009789,Naukri
fastapi  python software developer,na,N/A,,https://www.naukri.com/job-listings-fastapi-python-software-developer-allegis-group-chennai-4-to-9-years-050625011622,Naukri
software developer  python,na,N/A,,https://www.naukri.com/job-listings-software-developer-python-sri-sasttha-solutions-thiruvananthapuram-1-to-5-years-261224501068,Naukri
python developer  senior software,na,N/A,,https://www.naukri.com/job-listings-python-developer-senior-software-xerox-business-solutions-southeast-kolkata-mumbai-new-delhi-hyderabad-pune-chennai-bengaluru-3-to-6-years-030425502179,Naukri
python developerwinfosys,na,N/A,,https://www.naukri.com/job-listings-python-developer-w-infosys-infosys-hyderabad-chennai-bengaluru-2-to-5-years-040625023280,Naukri
python developerbengaluru,na,N/A,,https://www.naukri.com/job-listings-python-developer-bengaluru-infosys-hyderabad-chennai-bengaluru-2-to-5-years-050525014824,Naukri
python developer  pan india,na,N/A,,https://www.naukri.com/job-listings-python-developer-pan-india-infosys-hyderabad-chennai-bengaluru-3-to-8-years-050325025072,Naukri
hiring for python developer,na,N/A,,https://www.naukri.com/job-listings-hiring-for-python-developer-kvc-consultants-ltd-chennai-2-to-7-years-300525017806,Naukri
openings  python developer  punechennai,na,N/A,,https://www.naukri.com/job-listings-openings-python-developer-pune-chennai-converse-placement-services-pune-chennai-6-to-9-years-180625028147,Naukri
python developer punesh,na,N/A,,https://www.naukri.com/job-listings-python-developer-pune-sh-infosys-hyderabad-chennai-bengaluru-3-to-5-years-270525038385,Naukri
python developer sh,na,N/A,,https://www.naukri.com/job-listings-python-developer-sh-infosys-hyderabad-chennai-bengaluru-3-to-5-years-270525038206,Naukri
python developer beginner,na,N/A,,https://www.naukri.com/job-listings-python-developer-beginner-rgb-webtech-chandigarh-0-to-3-years-110225500879,Naukri
python developer senior software,na,N/A,,https://www.naukri.com/job-listings-python-developer-senior-software-xerox-kochi-6-to-10-years-230525031941,Naukri
python developer  6 yrs  bangalore,na,N/A,,https://www.naukri.com/job-listings-python-developer-6-yrs-bangalore-tech-mahindra-bengaluru-6-to-11-years-060625022945,Naukri
cybage software is hiring sr python developers,na,N/A,,https://www.naukri.com/job-listings-cybage-software-is-hiring-sr-python-developers-cybage-pune-6-to-11-years-250425005084,Naukri
avp  finance engineerpython developerbangalore bankingproductbase,na,N/A,,https://www.naukri.com/job-listings-avp-finance-engineer-python-developer-bangalore-banking-productbase-allegis-global-solutions-ags-bengaluru-6-to-11-years-070525004271,Naukri
assistant manager  wts  python developer,na,N/A,,https://www.naukri.com/job-listings-assistant-manager-wts-python-developer-wns-global-services-private-limited-gurugram-5-to-9-years-050625925245,Naukri
stig developer python  b,na,N/A,,https://www.naukri.com/job-listings-stig-developer-python-b-mobinius-technologies-pvt-ltd-pune-5-to-10-years-140625501291,Naukri
serverless architecture  python developer,na,N/A,,https://www.naukri.com/job-listings-serverless-architecture-python-developer-sportism-bengaluru-3-to-8-years-140525905693,Naukri
node  python developer,na,N/A,,https://www.naukri.com/job-listings-node-python-developer-oxvsys-automation-pune-0-to-1-years-150125503300,Naukri
urgent requirement for python developer roles,na,N/A,,https://www.naukri.com/job-listings-urgent-requirement-for-python-developer-roles-hclsoftware-noida-lucknow-7-to-10-years-260525021471,Naukri
senior python developersenior software engineer,na,N/A,,https://www.naukri.com/job-listings-senior-python-developer-senior-software-engineer-exponential-ai-hyderabad-3-to-5-years-220125501234,Naukri
python developer  securekloud  wfo  chennai,na,N/A,,https://www.naukri.com/job-listings-python-developer-securekloud-wfo-chennai-securekloud-technologies-chennai-7-to-12-years-290525020899,Naukri
python developer  lead,na,N/A,,https://www.naukri.com/job-listings-python-developer-lead-confyans-kozhikode-2-to-4-years-130325505217,Naukri
python developer immediate joinee preferred,na,N/A,,https://www.naukri.com/job-listings-python-developer-immediate-joinee-preferred-happlabs-bengaluru-1-to-5-years-100425009277,Naukri
gulf python developer,na,N/A,,https://www.naukri.com/job-listings-gulf-python-developer-spectrum-consulting-hyderabad-chennai-bengaluru-4-to-9-years-220525026788,Naukri
senior software consultant python developer,na,N/A,,https://www.naukri.com/job-listings-senior-software-consultant-python-developer-energytech-global-hyderabad-10-to-15-years-200525500753,Naukri
python developer  flask  fastapi,na,N/A,,https://www.naukri.com/job-listings-python-developer-flask-fastapi-visionyle-solutions-hyderabad-ahmedabad-bengaluru-5-to-8-years-220525913904,Naukri
python developer  engineers,na,N/A,,https://www.naukri.com/job-listings-python-developer-engineers-bluerose-technologies-pvt-ltd-bengaluru-2-to-7-years-220424501026,Naukri
python developer core python development,na,N/A,,https://www.naukri.com/job-listings-python-developer-core-python-development-lsi-the-micro-marketing-service-india-mumbai-4-to-7-years-161224501429,Naukri
pythondeveloper bangalore,na,N/A,,https://www.naukri.com/job-listings-python-developer-bangalore-diverse-lynx-bengaluru-2-to-7-years-160525500852,Naukri
python developer  web scraper,na,N/A,,https://www.naukri.com/job-listings-python-developer-web-scraper-hir-infotech-pvt-ltd-ahmedabad-1-to-2-years-100823500132,Naukri
python developersow,na,N/A,,https://www.naukri.com/job-listings-python-developer-sow-euclid-innovations-pvt-ltd-bengaluru-3-to-5-years-031224503574,Naukri
python oops developer,na,N/A,,https://www.naukri.com/job-listings-python-oops-developer-integrated-personnel-services-bengaluru-mumbai-all-areas-4-to-9-years-210525029891,Naukri
senior software engineer  fullstack developer  c python sqlnosql,na,N/A,,https://www.naukri.com/job-listings-senior-software-engineer-fullstack-developer-c-python-sql-nosql-dynamic-yield-by-mastercard-pune-3-to-8-years-100425502282,Naukri
airflow python developer,na,N/A,,https://www.naukri.com/job-listings-airflow-python-developer-nuware-bengaluru-5-to-10-years-210525019790,Naukri
python developer remote,na,N/A,,https://www.naukri.com/job-listings-python-developer-remote-mindtris-hyderabad-2-to-7-years-111224504010,Naukri
python developer erpnext,na,N/A,,https://www.naukri.com/job-listings-python-developer-erpnext-examroomai-india-bengaluru-4-to-5-years-300525037060,Naukri
animation vfx python developer,na,N/A,,https://www.naukri.com/job-listings-animation-vfx-python-developer-naghavi-fintech-bengaluru-2-to-5-years-260724502867,Naukri
online python developer,na,N/A,,https://www.naukri.com/job-listings-online-python-developer-rgb-webtech-chandigarh-1-to-3-years-110225500787,Naukri
principal python developer,na,N/A,,https://www.naukri.com/job-listings-principal-python-developer-apexon-ahmedabad-12-to-15-years-070525502116,Naukri
python developer c2h,na,N/A,,https://www.naukri.com/job-listings-python-developer-c2h-spectrum-talent-management-bengaluru-8-to-12-years-020625005423,Naukri
python software developern,na,N/A,,https://www.naukri.com/job-listings-python-software-developer-n-infosys-hyderabad-chennai-bengaluru-2-to-5-years-050625027696,Naukri
python software developerabpan indiabengaluru,na,N/A,,https://www.naukri.com/job-listings-python-software-developer-ab-pan-india-bengaluru-infosys-kolkata-chennai-bengaluru-3-to-6-years-300525032989,Naukri
python software developerbengaluru,na,N/A,,https://www.naukri.com/job-listings-python-software-developer-bengaluru-infosys-hyderabad-bengaluru-3-to-5-years-090525025372,Naukri
urgent opening for python developer,na,N/A,,https://www.naukri.com/job-listings-urgent-opening-for-python-developer-geotech-infoservices-kolkata-4-to-9-years-300525036542,Naukri
urgent requirement  python developer,na,N/A,,https://www.naukri.com/job-listings-urgent-requirement-python-developer-nr-consulting-bengaluru-5-to-9-years-300525923763,Naukri
python developer  machine language,na,N/A,,https://www.naukri.com/job-listings-python-developer-machine-language-techhost-services-kolkata-mumbai-new-delhi-hyderabad-pune-chennai-bengaluru-5-to-7-years-200824501931,Naukri
senior software developer pythongolang,na,N/A,,https://www.naukri.com/job-listings-senior-software-developer-python-golang-apps-for-bharat-bengaluru-5-to-10-years-090425503307,Naukri
python developer is0020n1c,na,N/A,,https://www.naukri.com/job-listings-python-developer-is-0020-n1c-mycitybanglore-bengaluru-4-to-8-years-221019501438,Naukri
python developer with rundeck,na,N/A,,https://www.naukri.com/job-listings-python-developer-with-rundeck-eteam-hyderabad-chennai-bengaluru-3-to-8-years-290525015060,Naukri
python developer  immediate,na,N/A,,https://www.naukri.com/job-listings-python-developer-immediate-intersoft-data-labs-gurugram-5-to-8-years-130525005227,Naukri
python developer  hyderabad,na,N/A,,https://www.naukri.com/job-listings-python-developer-hyderabad-luxoft-hyderabad-5-to-10-years-220525022883,Naukri
python developer hyderabad,na,N/A,,https://www.naukri.com/job-listings-python-developer-hyderabad-diverse-lynx-hyderabad-4-to-9-years-050625501741,Naukri
sde2 python developer,na,N/A,,https://www.naukri.com/job-listings-sde2-python-developer-bombay-softwares-mumbai-1-to-5-years-280525921268,Naukri
python developer  re,na,N/A,,https://www.naukri.com/job-listings-python-developer-re-genzeon-technology-solutions-private-limited-hyderabad-2-to-6-years-221223500856,Naukri
python developer  mentor,na,N/A,,https://www.naukri.com/job-listings-python-developer-mentor-valuedx-technologies-pune-3-to-8-years-210425502036,Naukri
hiring for  python developer,na,N/A,,https://www.naukri.com/job-listings-hiring-for-python-developer-webvio-technologies-private-limited-kolkata-3-to-8-years-130325501174,Naukri
python developer requirements,na,N/A,,https://www.naukri.com/job-listings-python-developer-requirements-fusion-plus-solutions-inc-hyderabad-1-to-5-years-110225506828,Naukri
python developer gurgaon,na,N/A,,https://www.naukri.com/job-listings-python-developer-gurgaon-zenga-media-pvt-ltd-gurgaon-2-to-7-years-070218500550,Naukri
pythonweb developer,na,N/A,,https://www.naukri.com/job-listings-python-web-developer-qantom-software-bengaluru-0-to-3-years-100521500141,Naukri
python software developer  pan india,na,N/A,,https://www.naukri.com/job-listings-python-software-developer-pan-india-infosys-hyderabad-chennai-bengaluru-2-to-7-years-020425008271,Naukri
senior developer  net core c angularreact  python,na,N/A,,https://www.naukri.com/job-listings-senior-developer-net-core-c-angular-react-python-mindstech-kolkata-6-to-9-years-160425008379,Naukri
hiring for python developer  chennai,na,N/A,,https://www.naukri.com/job-listings-hiring-for-python-developer-chennai-lead-hr-services-chennai-4-to-8-years-220525029559,Naukri
senior software developer pythonpyspark,na,N/A,,https://www.naukri.com/job-listings-senior-software-developer-python-pyspark-impetus-infotech-india-pvt-ltd-noida-indore-pune-2-to-5-years-220125502270,Naukri
python trainer  developer  night shift and work from home,na,N/A,,https://www.naukri.com/job-listings-python-trainer-developer-night-shift-and-work-from-home-wonksknow-technologies-bengaluru-0-to-2-years-060625013482,Naukri
python developer  helios,na,N/A,,https://www.naukri.com/job-listings-python-developer-helios-pratiti-technologies-pune-1-to-3-years-280425903936,Naukri
python developersoftware engineer,na,N/A,,https://www.naukri.com/job-listings-python-developer-software-engineer-exponential-ai-hyderabad-2-to-4-years-220125501194,Naukri
python developer  iit  nit,na,N/A,,https://www.naukri.com/job-listings-python-developer-iit-nit-oriserve-noida-1-to-5-years-280525919243,Naukri
python developer job id fld 021,na,N/A,,https://www.naukri.com/job-listings-python-developer-id-fld-021-magnarus-technologies-private-limited-hyderabad-1-to-3-years-270418500751,Naukri
python developer genaimlops specialist,na,N/A,,https://www.naukri.com/job-listings-python-developer-genai-mlops-specialist-dataeconomy-hyderabad-5-to-10-years-210425502613,Naukri
python developer  llm  rag,na,N/A,,https://www.naukri.com/job-listings-python-developer-llm-rag-valuedx-technologies-hyderabad-5-to-10-years-210425501826,Naukri
apple  strong python developer,na,N/A,,https://www.naukri.com/job-listings-apple-strong-python-developer-fusion-plus-solutions-inc-hyderabad-4-to-8-years-180924504086,Naukri
python developer with ai,na,N/A,,https://www.naukri.com/job-listings-python-developer-with-ai-euclid-innovations-pvt-ltd-warangal-hyderabad-nizamabad-6-to-7-years-100425501696,Naukri
python developer job description,na,N/A,,https://www.naukri.com/job-listings-python-developer-description-quantfunda-solutions-mumbai-1-to-4-years-060125503752,Naukri
ws group  python developer,na,N/A,,https://www.naukri.com/job-listings-ws-group-python-developer-webspiders-interweb-pvt-ltd-kolkata-3-to-8-years-060325501215,Naukri
developer python,na,N/A,,https://www.naukri.com/job-listings-developer-python-rgb-webtech-chandigarh-1-to-3-years-100225501179,Naukri
python developer jobs,na,N/A,,https://www.naukri.com/job-listings-python-developer-jobs-mnr-solutions-pvt-ltd-mumbai-3-to-5-years-090524501348,Naukri
python web developer,na,N/A,,https://www.naukri.com/job-listings-python-web-developer-dreamscape-media-mumbai-1-to-3-years-230424501504,Naukri
software developer python pyspark aws,na,N/A,,https://www.naukri.com/job-listings-software-developer-python-pyspark-aws-sopra-steria-bengaluru-3-to-8-years-300525500910,Naukri
senior software developer python fastapi,na,N/A,,https://www.naukri.com/job-listings-senior-software-developer-python-fastapi-quantiphi-analytics-solutions-bengaluru-mumbai-all-areas-3-to-7-years-290525040132,Naukri
sde 3  java  python  backend developers,na,N/A,,https://www.naukri.com/job-listings-sde-3-java-python-backend-developers-vikasietum-tecknology-pune-chennai-bengaluru-5-to-10-years-230525019434,Naukri
senior software developer python,na,N/A,,https://www.naukri.com/job-listings-senior-software-developer-python-uplers-bengaluru-5-to-7-years-230525032916,Naukri
python developerapache nifi,na,N/A,,https://www.naukri.com/job-listings-python-developer-apache-nifi-maynor-consulting-pvt-ltd-kolkata-mumbai-new-delhi-hyderabad-pune-chennai-bengaluru-4-to-6-years-030125502940,Naukri
senior cloud software developer  aws pythongo,na,N/A,,https://www.naukri.com/job-listings-senior-cloud-software-developer-aws-python-go-encora-bengaluru-10-to-15-years-030625500364,Naukri
software developer c python linux ceph rbd,na,N/A,,https://www.naukri.com/job-listings-software-developer-c-python-linux-ceph-rbd-ibm-india-pvt-limited-bengaluru-4-to-8-years-210525921421,Naukri
senior software developer net python azure,na,N/A,,https://www.naukri.com/job-listings-senior-software-developer-net-python-azure-sportism-mumbai-nagpur-pune-4-to-9-years-040625932217,Naukri
python software developer  c2h,na,N/A,,https://www.naukri.com/job-listings-python-software-developer-c2h-bcforward-india-technologies-private-limited-bengaluru-6-to-11-years-210525929333,Naukri
python djando developer,na,N/A,,https://www.naukri.com/job-listings-python-djando-developer-appscrip-surat-3-to-5-years-230525918341,Naukri
senior software engineer developer productivity pythongo,na,N/A,,https://www.naukri.com/job-listings-senior-software-engineer-developer-productivity-python-go-exasol-chennai-5-to-10-years-220525501928,Naukri
python ai ml developer,na,N/A,,https://www.naukri.com/job-listings-python-ai-ml-developer-vaisesika-consulting-bengaluru-7-to-12-years-020625002841,Naukri
software developer c python linux,na,N/A,,https://www.naukri.com/job-listings-software-developer-c-python-linux-ibm-india-pvt-limited-pune-3-to-6-years-230525922565,Naukri
sr software developer  python,na,N/A,,https://www.naukri.com/job-listings-sr-software-developer-python-xenonstack-private-ltd-mohali-3-to-5-years-140823500174,Naukri
senior software developer python and rest apis,na,N/A,,https://www.naukri.com/job-listings-senior-software-developer-python-and-rest-apis-skeletos-it-services-llp-pune-5-to-10-years-170123500888,Naukri
jr software developer  python,na,N/A,,https://www.naukri.com/job-listings-jr-software-developer-python-playo-bengaluru-1-to-6-years-220323500679,Naukri
software developer python django,na,N/A,,https://www.naukri.com/job-listings-software-developer-python-django-exposys-data-labs-bengaluru-1-to-6-years-160724501326,Naukri
python developer with aiml,na,N/A,,https://www.naukri.com/job-listings-python-developer-with-ai-ml-zentek-infosoft-pune-8-to-9-years-210525015994,Naukri
pythonbigdata developer,na,N/A,,https://www.naukri.com/job-listings-python-bigdata-developer-s-p-global-inc-hyderabad-5-to-8-years-040225501139,Naukri
software developer  edm  python sql,na,N/A,,https://www.naukri.com/job-listings-software-developer-edm-python-sql-sp-capital-iq-india-pvt-ltd-noida-1-to-6-years-040625926096,Naukri
python developer  cwr  8 yr exp  pune,na,N/A,,https://www.naukri.com/job-listings-python-developer-cwr-8-yr-exp-pune-orcapod-consulting-services-pune-8-to-13-years-220525017259,Naukri
python software developer automotive infotainment,na,N/A,,https://www.naukri.com/job-listings-python-software-developer-automotive-infotainment-bmw-techworks-india-bengaluru-6-to-11-years-280325009271,Naukri
python remote developer,na,N/A,,https://www.naukri.com/job-listings-python-remote-developer-rgb-webtech-chandigarh-2-to-4-years-100225500338,Naukri
developer  python with ai,na,N/A,,https://www.naukri.com/job-listings-developer-python-with-ai-teamware-solutions-a-division-of-quantum-leap-consulting-private-ltd-karnataka-2-to-5-years-290525933598,Naukri
backend software developer python,na,N/A,,https://www.naukri.com/job-listings-backend-software-developer-python-teamware-solutions-bengaluru-7-to-12-years-040625021727,Naukri
python  ml developer,na,N/A,,https://www.naukri.com/job-listings-python-ml-developer-ennvee-technogroup-bengaluru-3-to-6-years-130125501366,Naukri
fullstack software developer python flaskfastapi,na,N/A,,https://www.naukri.com/job-listings-fullstack-software-developer-python-flask-fastapi-ispeck-digital-solutions-kolkata-4-to-5-years-070824502374,Naukri
pysidepythonqmlrasa developer,na,N/A,,https://www.naukri.com/job-listings-pyside-python-qml-rasa-developer-pradeepit-bengaluru-5-to-9-years-290724502796,Naukri
software developer javapython,na,N/A,,https://www.naukri.com/job-listings-software-developer-java-python-sadup-softech-chennai-bengaluru-5-to-7-years-230525919969,Naukri
python with javascript visualization developer,na,N/A,,https://www.naukri.com/job-listings-python-with-javascript-visualization-developer-savantys-solutions-mumbai-hyderabad-bengaluru-4-to-9-years-311022501845,Naukri
aiml developer  python,na,N/A,,https://www.naukri.com/job-listings-ai-ml-developer-python-jade-global-software-pvt-ltd-pune-3-to-7-years-260724500739,Naukri
python ros developer,na,N/A,,https://www.naukri.com/job-listings-python-ros-developer-xmachines-hyderabad-2-to-4-years-090824501159,Naukri
python aiml wen developer,na,N/A,,https://www.naukri.com/job-listings-python-aiml-wen-developer-brand-catalyst-media-mumbai-2-to-7-years-301224505924,Naukri
python web  developer,na,N/A,,https://www.naukri.com/job-listings-python-web-developer-analects-technologies-pvt-ltd-pune-3-to-7-years-170624500983,Naukri
python software developers with cloud,na,N/A,,https://www.naukri.com/job-listings-python-software-developers-with-cloud-softility-tech-pvt-ltd-hyderabad-3-to-7-years-220525030280,Naukri
python software developer  10yrs  chennai  work from office,na,N/A,,https://www.naukri.com/job-listings-python-software-developer-10yrs-chennai-work-from-office-savvysoft-technologies-chennai-8-to-13-years-120525016335,Naukri
team lead software developer python,na,N/A,,https://www.naukri.com/job-listings-team-lead-software-developer-python-phoneme-solutions-noida-5-to-8-years-211124507519,Naukri
sde 2 pythondjango developer,na,N/A,,https://www.naukri.com/job-listings-sde-2-python-django-developer-bombay-softwares-mumbai-3-to-8-years-280525928756,Naukri
sde 2 python django developer,na,N/A,,https://www.naukri.com/job-listings-sde-2-python-django-developer-bombay-softwares-ahmedabad-3-to-8-years-280525917892,Naukri
